{
  "max_softmax": {
    "auroc": 0.92005425,
    "fpr_at_95tpr": 0.501,
    "aupr": 0.931692039072568,
    "threshold_95tpr": 0.2237648069858551
  },
  "entropy": {
    "auroc": 0.920978,
    "fpr_at_95tpr": 0.5145,
    "aupr": 0.9325740448565986,
    "threshold_95tpr": -3.125300168991089
  },
  "min_distance": {
    "auroc": 0.92893325,
    "fpr_at_95tpr": 0.4195,
    "aupr": 0.9390173879939916,
    "threshold_95tpr": -8.132477760314941
  },
  "odin": {
    "auroc": 0.92018725,
    "fpr_at_95tpr": 0.515,
    "aupr": 0.9298842576812378,
    "threshold_95tpr": 0.013210821896791458
  }
}